id(0：新手教程),,,,,,,,,,,,,,,,,
1,Step101,Step102,Step103,Step104,Step105,Step106,Step107,Step108,Step109,Step110,Step110_1,Step111,Step112,Step113,Step114,Step115,Step116

14001,Quest14001_1,Quest14001_2,Quest14001_3,Quest14001_4,Quest14001_5,Quest14001_6,Quest14001_7,Quest14001_8,Quest14001_9,,,,,,,,
14002,Quest14002_1,Quest14002_2,Quest14002_3,Quest14002_4,Quest14002_5,Quest14002_6,Quest14002_7,Quest14002_8,Quest14002_9,Quest14002_10,Quest14002_11,,,,,,
14003,Quest14003_1,Quest14003_2,Quest14003_3,Quest14003_4,Quest14003_5,Quest14003_6,Quest14003_7,Quest14003_8,Quest14003_9,,,,,,,,
14004,Quest14004_1,Quest14004_2,Quest14004_3,Quest14004_4,Quest14004_5,Quest14004_6,,,,,,,,,,,
14005,Quest14005_0,Quest14005_1,Quest14005_3,Quest14005_4,Quest14005_5,Quest14005_6,Quest14005_7,,,,,,,,,,
14006,Quest14006_1,Quest14006_2,Quest14006_3,Quest14006_4,Quest14006_5,Quest14006_6,Quest14006_7,Quest14006_8,,,,,,,,,
14008,Quest14008_1,Quest14008_2,Quest14008_3,Quest14008_4,,,,,,,,,,,,,
14010,Quest14010_1,Quest14010_2,Quest14010_3,Quest14010_4,Quest14010_5,Quest14010_6,Quest14010_7,Quest14010_8,,,,,,,,,
14011,Quest14011_1,Quest14011_2,Quest14011_4,Quest14011_5,Quest14011_6,Quest14011_7,Quest14011_10,,,,,,,,,,
14012,Quest14012_1,Quest14012_2,Quest14012_3,Quest14012_4,Quest14012_5,Quest14012_6,Quest14012_7,Quest14012_8,Quest14012_9,Quest14012_10,Quest14012_11,Quest14012_12,,,,,
14017,Quest14017_1,Quest14017_2,Quest14017_3,Quest14017_4,Quest14017_5,,,,,,,,,,,,
14019,Quest14019_1,Quest14019_2,Quest14019_3,Quest14019_5,Quest14019_6,Quest14019_7,,,,,,,,,,,
14022,Quest14022_1,Quest14022_2,Quest14022_3,Quest14022_4,Quest14022_5,Quest14022_6,,,,,,,,,,,
14024,Quest14024_1,Quest14024_2,Quest14024_3,Quest14024_4,Quest14024_5,Quest14024_6,Quest14024_7,Quest14024_8,,,
14025,Quest14025_1,Quest14025_2,Quest14025_3,Quest14025_5,Quest14025_6,Quest14025_7,Quest14025_8,,,,
14027,Quest14027_1,Quest14027_2,Quest14027_3,Quest14027_4,Quest14027_5,,,,,,
14032,Quest14032_1,Quest14032_2,Quest14032_3,Quest14032_4,Quest14032_5,Quest14032_6,,,,,
14048,Quest14033_1,Quest14033_2,Quest14033_3,Quest14033_4,Quest14033_5,Quest14033_6,,,,,
14052,Quest14052_1,Quest14052_2,Quest14052_3,Quest14052_4,Quest14052_5,Quest14052_6,Quest14052_7,,,,
16001,Quest16001_1,Quest16001_2,Quest16001_3,Quest16001_4,Quest16001_5,Quest16001_6,Quest16001_7,Quest16001_8,Quest16001_9,Quest16001_10,Quest16001_11
18001,Quest18001_1,Quest18001_2,Quest18001_3,Quest18001_4,Quest18001_5,Quest18001_6,Quest18001_7,Quest18001_8,Quest18001_9,,
19001,Quest19001_1,Quest19001_2,Quest19001_3,Quest19001_4,Quest19001_5,Quest19001_6,Quest19001_7,,,,
19002,Quest19002_1,Quest19002_2,Quest19002_3,Quest19002_4,Quest19002_5,Quest19002_6,Quest19002_7,,,,
19004,Quest19004_1,Quest19004_2,Quest19004_3,Quest19004_4,Quest19004_5,Quest19004_6,Quest19004_7,Quest19004_8,Quest19004_9,Quest19004_10,Quest19004_11
19005,Quest19005_1,Quest19005_2,Quest19005_3,Quest19005_4,Quest19005_5,Quest19005_6,Quest19005_7,,,,
19007,Quest19007_1,Quest19007_2,Quest19007_3,Quest19007_4,Quest19007_5,Quest19007_6,Quest19007_7,Quest19007_8,Quest19007_9,Quest19007_10,
19008,Quest19008_1,Quest19008_2,Quest19008_3,Quest19008_4,Quest19008_5,,,,,,
19013,Quest19013_1,Quest19013_2,Quest19013_3,Quest19013_4,Quest19013_5,Quest19013_6,Quest19013_7,Quest19013_8,Quest19013_9,Quest19013_10,Quest19013_11
19015,Quest19015_1,Quest19015_2,Quest19015_3,Quest19015_4,Quest19015_5,,,,,,,,
19018,Quest19018_1,Quest19018_2,Quest19018_3,Quest19018_4,Quest19018_5,Quest19018_6,Quest19018_7,Quest19018_8,Quest19018_9,Quest19018_10,,,
19019,Quest19019_1,Quest19019_2,Quest19019_3,Quest19019_4,Quest19019_5,Quest19019_6,Quest19019_7,Quest19019_8,Quest19019_9,Quest19019_10,Quest19019_11,,
19024,Quest19024_1,Quest19024_2,Quest19024_3,Quest19024_4,Quest19024_5,Quest19024_6,Quest19024_7,Quest19024_8,Quest19024_9,Quest19024_10,Quest19024_11,,
24016,Quest24016_1,Quest24016_2,Quest24016_3,Quest24016_4,Quest24016_5,,,,,,,,
19023,Quest19023_1,Quest19023_2,Quest19023_3,Quest19023_4,Quest19023_5,Quest19023_6,Quest19023_7,Quest19023_8,Quest19023_9,Quest19023_10,Quest19023_11,,
19025,Quest19025_1,Quest19025_2,Quest19025_3,Quest19025_4,Quest19025_5,Quest19025_6,Quest19025_7,Quest19025_8,Quest19025_9,Quest19025_10,,,
19011,Quest19010_1,Quest19010_2,Quest19010_3,Quest19010_4,Quest19010_5,Quest19010_6,Quest19010_7,Quest19010_8,Quest19010_9,Quest19010_10,Quest19010_11,Quest19010_12,Quest19010_13
19008,Quest19008_1,Quest19008_2,Quest19008_3,Quest19008_4,Quest19008_5,,,,,,,,
19014,Quest19014_1,Quest19014_2,Quest19014_3,Quest19014_4,Quest19014_5,Quest19014_6,Quest19014_7,Quest19014_8,Quest19014_9,Quest19014_10,Quest19014_11,Quest19014_12,Quest19014_13
