<?xml version="1.0" encoding="UTF-8"?>
<consumerCodeList>
  
    <info name="K+2qFCIIuzs=" value="HPenG1P2UZA="/>
    <info name="HhPyb1I/X38=" value="M36v672xQ4w/8nLhQXOzmA=="/>
    <info name="GgLfinTY1u9ayDld0SZ0Vg==" value="5HngkvIhquk="/>
    <info name="KsYPG2/wAfIRZj11LiAb0g==" value="RVFPsAQ8dC0="/>
    <info name="scX8LcJIjATJ505leQIQmw==" value="znLU+nVY97c="/>
    <info name="+wCnwbVKOk0=" value="K4ymG1Xgrwa21vcofCjPt7IicCFcm0dFmGTWho+dwUO2lAtXTUmOpg=="/>
    <info name="k5ey4T96MpPsSWmVlv9sCw==" value="Eo88JtByUv59m+Ox+86BpnPXgWHUkHbM/vws7iZu0mk="/>
    <info name="fi1nEJ+f5S1zhaJRWmZuGA==" value="Eo88JtByUv6+pz8NZhaTmw=="/>
    <info name="m4/WaHQ5Xrc=" value="WFYWPrp7Ea/0oEEh9lCC1A=="/>
    <info name="AlDWi8bl2/bzTg3d3zZK/g==" value="UQ8scV4U858="/>
    <info name="qwBSSJjxT8qKapO1CbJkaA==" value="JKRFvnUEW6OWqOArx1lvQg=="/>
    <info name="RGVw4AQRs/I6priG96EeCQ==" value="jUM1i5vftXnJiw33A8jOMQ=="/>
    <info name="DsqqGcbpjC07RVpsENnKjw==" value="dT/n+alj2i8cqBcaiOcxIA=="/>
    <info name="Iw39W6xW2WgpkFZONZWB/Q==" value="fT6VJzCmRPRqa5Tu0DoYd8/fdMQbxpKEIqY6coC9LW3jpumKt3t4gg=="/>
    <info name="HDobt+0GN++sGd1E6xqHXQ==" value="dipz/WDa5QkIbvNqVVt37g=="/>
    <info name="DsqqGcbpjC07RVpsENnKjw==" value="QCXJ/A4pAl+fzXtrI7vxOw=="/>
    <info name="Iw39W6xW2WgpkFZONZWB/Q==" value="R7jbKhz4zQW1kSaO/WAz8Sqo23ucp50ZFt+xYyJKRuWF9jC2D8iFiQ=="/>
    <info name="HDobt+0GN++sGd1E6xqHXQ==" value="ACybLwHpyhGRQIqTa/sFZQ=="/>
    <info name="DsqqGcbpjC07RVpsENnKjw==" value="R+56qlxirs86P/N16SMFWw=="/>
    <info name="Iw39W6xW2WgpkFZONZWB/Q==" value="W1cpW2o4btLYhhuvax1i33eCTGMCGtuRGovsuC3P8HSDJg1eckHOJw=="/>
    <info name="HDobt+0GN++sGd1E6xqHXQ==" value="vXOZJNyIWHNXYCs637OvMQ=="/>
    <info name="DsqqGcbpjC07RVpsENnKjw==" value="mQs3XYH0sfW1agLS59QEqA=="/>
    <info name="Iw39W6xW2WgpkFZONZWB/Q==" value="RvS0sIktWalE840n3A+a6mbEXugSnMtSMJcti0xiFMcLqYT9qHMgbw=="/>
    <info name="HDobt+0GN++sGd1E6xqHXQ==" value="aVByAzmj6YeH5/3FcjzGpg=="/>
    <info name="DsqqGcbpjC07RVpsENnKjw==" value="kkwa9sxaIIVcbJftx59W3g=="/>
    <info name="Iw39W6xW2WgpkFZONZWB/Q==" value="V4Njm7iJ6e2a5f4A6Zkr7CwrzTBlSGy7JCwAxkJJXaybYZv5pT9enA=="/>
    <info name="HDobt+0GN++sGd1E6xqHXQ==" value="82ZPZfZQMIcBtxGa6Z7OFQ=="/>
    <info name="DsqqGcbpjC07RVpsENnKjw==" value="A7KkcDRQuM9SZ3j+SFZyfw=="/>
    <info name="Iw39W6xW2WgpkFZONZWB/Q==" value="SX7Ryw8/IsvRPANiVETVnxrPAebBeuogZ6WBbEbtlOrSqQC8iPjxag=="/>
    <info name="HDobt+0GN++sGd1E6xqHXQ==" value="Tg+z1d9hthzFkh3rJbQgwg=="/>
    <info name="DsqqGcbpjC07RVpsENnKjw==" value="ysZNyLwLBqm4Vdg0eOWYiQ=="/>
    <info name="Iw39W6xW2WgpkFZONZWB/Q==" value="BYux98a2PkqDJuyz70KZRpH4xEH0w/MDYx+hnueCOEj8EApVvNUASg=="/>
    <info name="HDobt+0GN++sGd1E6xqHXQ==" value="L2wst6VYxCieosoXOERoAw=="/>
    <info name="DsqqGcbpjC07RVpsENnKjw==" value="lxUD2lQRoB3EzPr+Oj7vlA=="/>
    <info name="Iw39W6xW2WgpkFZONZWB/Q==" value="sANpXfo9wQL4XneAt7glnZJXiwpopK8YNAdRDU+NNkd5XQM6d008fA=="/>
    <info name="HDobt+0GN++sGd1E6xqHXQ==" value="AjuA9OiC8yCST9KSJXCVZQ=="/>
    <info name="DsqqGcbpjC07RVpsENnKjw==" value="Yf0vgb6j/K8Rf3JxRhGurA=="/>
    <info name="Iw39W6xW2WgpkFZONZWB/Q==" value="Jqtw/fO845ZmjXSH/9OrT0U+k2HaenYteA5MKLTYYS/EZk+Rh4xw1g=="/>
    <info name="HDobt+0GN++sGd1E6xqHXQ==" value="cYEiHg+Cy2oO9M5u4kv1Rg=="/>
    <info name="DsqqGcbpjC07RVpsENnKjw==" value="NvgP3Wf8ubujGF14B7ey7LOuCajtnxvb"/>
    <info name="Iw39W6xW2WgpkFZONZWB/Q==" value="+FXHE9exuNiAw/4leUK9af8hJz3aatK4lqBxz42GZRFjBhcXORhQAg=="/>
    <info name="HDobt+0GN++sGd1E6xqHXQ==" value="gRzWzMNBXJY7uztDya+GIQ=="/>
  
</consumerCodeList>
